{
	"previewurl": "https://steamuserimages-a.akamaihd.net/ugc/793111400318593223/47443454B85CA854689A39A0098EA211086A45E7/",
	"id": "1767752600",
	"disabled": false,
	"down": 98.0,
	"banned": false,
	"installed": true,
	"visibility": 0.0,
	"total": 1567.0,
	"tags": "Addon,Model,Roleplay,Cartoon",
	"score": 0.9112177491188049,
	"size": 2810561.0,
	"previewid": "793111400318593223",
	"up": 1469.0,
	"children": [],
	"owner": "76561198102716353",
	"fileid": "793111400326179616",
	"title": "[Deltarune] Ralsei (Playermodel/Ragdoll/NPC/Props)",
	"ownername": "Viba",
	"description": "[h1] Shouldn't you guys be studying? [/h1]\r\n\r\nThe awaited fluffy boy is here, in many ways!\r\n\r\nModels, textures, rigs by myself, ported for GMod usage by Charma.\r\n\r\n[b] In this addon, you will have...\r\n\r\n- Two ragdolls, Ralsei and an Alt Ralsei, including ",
	"created": 1560313216.0,
	"updated": 1560464000.0,
	"previewsize": 72765.0
}